Topic,Group,Class,Word,Count
civil_rights,dem-lead,0,people,197.0
civil_rights,dem-lead,0,law,169.0
civil_rights,dem-lead,0,democracy,156.0
civil_rights,dem-lead,0,one,156.0
civil_rights,dem-lead,0,honor,109.0
civil_rights,dem-lead,0,work,98.5
civil_rights,dem-lead,0,worker,83.0
civil_rights,dem-lead,0,due,66.0
civil_rights,dem-lead,0,bob,49.0
civil_rights,dem-lead,0,president,42.0
civil_rights,dem-lead,1,justice,133.0
civil_rights,dem-lead,1,always,37.0
civil_rights,dem-lead,1,ballot,37.0
civil_rights,dem-lead,1,womens,35.0
civil_rights,dem-lead,1,clean,32.0
civil_rights,dem-lead,1,#womensequalityday,25.0
civil_rights,dem-lead,1,part,23.0
civil_rights,dem-lead,1,also,23.0
civil_rights,dem-lead,1,news,18.0
civil_rights,dem-lead,1,fight,17.333333333333332
civil_rights,dem-base,0,#democrats,143.0
civil_rights,dem-base,0,#voteblue,52.400000000000006
civil_rights,dem-base,0,would,51.0
civil_rights,dem-base,0,dems,49.0
civil_rights,dem-base,0,#trump,44.0
civil_rights,dem-base,0,people,40.666666666666664
civil_rights,dem-base,0,happen,34.0
civil_rights,dem-base,0,trump,31.333333333333332
civil_rights,dem-base,0,constitution,25.0
civil_rights,dem-base,0,blue,24.0
civil_rights,dem-base,1,woman,60.0
civil_rights,dem-base,1,democrat,23.0
civil_rights,dem-base,1,#resistance,17.0
civil_rights,dem-base,1,poll,17.0
civil_rights,dem-base,1,know,16.0
civil_rights,dem-base,1,thats,15.0
civil_rights,dem-base,1,amendment,12.0
civil_rights,dem-base,1,racist,9.0
civil_rights,dem-base,1,ensure,9.0
civil_rights,dem-base,1,happen,9.0
civil_rights,rep-lead,0,back,123.0
civil_rights,rep-lead,0,abuse,44.0
civil_rights,rep-lead,0,ago,14.0
civil_rights,rep-lead,0,accountable,13.0
civil_rights,rep-lead,0,want,11.0
civil_rights,rep-lead,0,voter,10.75
civil_rights,rep-lead,0,family,8.5
civil_rights,rep-lead,0,congressional,8.0
civil_rights,rep-lead,0,glad,8.0
civil_rights,rep-lead,0,meet,7.0
civil_rights,rep-lead,1,due,36.0
civil_rights,rep-lead,1,join,20.0
civil_rights,rep-lead,1,process,13.0
civil_rights,rep-lead,1,people,11.0
civil_rights,rep-lead,1,find,8.0
civil_rights,rep-lead,1,voter,8.0
civil_rights,rep-lead,1,#nra,7.0
civil_rights,rep-lead,1,use,6.5
civil_rights,rep-lead,1,decision,6.0
civil_rights,rep-lead,1,african,6.0
civil_rights,rep-base,0,suppression,72.0
civil_rights,rep-base,0,isnt,20.0
civil_rights,rep-base,0,left,18.0
civil_rights,rep-base,0,right,15.142857142857142
civil_rights,rep-base,0,another,13.0
civil_rights,rep-base,0,#college,11.0
civil_rights,rep-base,0,#patriotprayer,11.0
civil_rights,rep-base,0,job,10.0
civil_rights,rep-base,0,ban,9.0
civil_rights,rep-base,0,environment,9.0
civil_rights,rep-base,1,right,231.0
civil_rights,rep-base,1,vote,17.0
civil_rights,rep-base,1,#maga,12.533333333333333
civil_rights,rep-base,1,see,11.0
civil_rights,rep-base,1,rule,11.0
civil_rights,rep-base,1,america,8.666666666666666
civil_rights,rep-base,1,report,8.0
civil_rights,rep-base,1,life,7.5
civil_rights,rep-base,1,protect,6.5
civil_rights,rep-base,1,voting,6.0
courts,dem-lead,0,ford,266.0
courts,dem-lead,0,senate,255.0
courts,dem-lead,0,reproductive,56.0
courts,dem-lead,0,view,36.0
courts,dem-lead,0,back,35.0
courts,dem-lead,0,face,29.0
courts,dem-lead,0,wrong,27.0
courts,dem-lead,0,side,25.0
courts,dem-lead,0,already,25.0
courts,dem-lead,0,cannot,24.0
courts,dem-lead,1,ford,207.0
courts,dem-lead,1,hearing,54.0
courts,dem-lead,1,see,29.0
courts,dem-lead,1,speak,22.0
courts,dem-lead,1,house,21.0
courts,dem-lead,1,listen,21.0
courts,dem-lead,1,civil,19.0
courts,dem-lead,1,counsel,17.0
courts,dem-lead,1,equal,17.0
courts,dem-lead,1,first,14.0
courts,dem-base,0,democrat,56.0
courts,dem-base,0,dr,54.666666666666664
courts,dem-base,0,power,35.0
courts,dem-base,0,november,28.0
courts,dem-base,0,#metoo,21.0
courts,dem-base,0,#republicans,16.0
courts,dem-base,0,thats,16.0
courts,dem-base,0,find,15.0
courts,dem-base,0,appointment,12.0
courts,dem-base,0,demand,11.0
courts,dem-base,1,allegation,18.0
courts,dem-base,1,#kavanaugh,14.0
courts,dem-base,1,week,10.0
courts,dem-base,1,lead,10.0
courts,dem-base,1,brett,9.625
courts,dem-base,1,seat,8.0
courts,dem-base,1,#p2,7.0
courts,dem-base,1,ever,6.0
courts,dem-base,1,#fbr,5.5
courts,dem-base,1,democrat,5.0
courts,rep-lead,0,one,52.0
courts,rep-lead,0,#scotus,49.0
courts,rep-lead,0,nominee,38.33333333333333
courts,rep-lead,0,smear,32.0
courts,rep-lead,0,#confirmkavanaugh,28.0
courts,rep-lead,0,continue,24.0
courts,rep-lead,0,nominate,17.0
courts,rep-lead,0,kavanaugh,15.75
courts,rep-lead,0,get,12.0
courts,rep-lead,0,include,11.0
courts,rep-lead,1,brett,125.0
courts,rep-lead,1,right,43.0
courts,rep-lead,1,next,32.0
courts,rep-lead,1,forward,21.0
courts,rep-lead,1,court,18.266666666666666
courts,rep-lead,1,constitutionalist,12.0
courts,rep-lead,1,give,9.0
courts,rep-lead,1,plan,9.0
courts,rep-lead,1,say,7.0
courts,rep-lead,1,question,7.0
courts,rep-base,0,time,50.0
courts,rep-base,0,win,31.0
courts,rep-base,0,god,29.0
courts,rep-base,0,assault,24.0
courts,rep-base,0,sexual,20.0
courts,rep-base,0,#scotus,19.0
courts,rep-base,0,fight,16.0
courts,rep-base,0,fbi,13.666666666666666
courts,rep-base,0,year,13.5
courts,rep-base,0,defend,13.0
courts,rep-base,1,ford,39.0
courts,rep-base,1,assault,27.0
courts,rep-base,1,conservative,13.0
courts,rep-base,1,#confirmkavanaughnow,13.0
courts,rep-base,1,supreme,10.166666666666666
courts,rep-base,1,november,9.0
courts,rep-base,1,dont,8.5
courts,rep-base,1,blasey,8.166666666666666
courts,rep-base,1,help,8.0
courts,rep-base,1,trump,8.0
criminal_justice,dem-lead,0,must,9.0
criminal_justice,dem-lead,0,believe,7.0
criminal_justice,dem-lead,0,people,5.666666666666666
criminal_justice,dem-lead,0,important,5.0
criminal_justice,dem-lead,0,fight,4.333333333333333
criminal_justice,dem-lead,0,funding,4.0
criminal_justice,dem-lead,0,speak,4.0
criminal_justice,dem-lead,0,transparency,3.0
criminal_justice,dem-lead,0,go,3.0
criminal_justice,dem-lead,0,#passmjia,2.0
criminal_justice,dem-lead,1,see,21.0
criminal_justice,dem-lead,1,let,15.0
criminal_justice,dem-lead,1,federal,14.0
criminal_justice,dem-lead,1,system,11.8
criminal_justice,dem-lead,1,immigration,11.0
criminal_justice,dem-lead,1,house,9.0
criminal_justice,dem-lead,1,bring,7.0
criminal_justice,dem-lead,1,join,5.666666666666666
criminal_justice,dem-lead,1,process,5.0
criminal_justice,dem-lead,1,thing,5.0
criminal_justice,dem-base,0,country,5.0
criminal_justice,dem-base,0,state,3.0
criminal_justice,dem-base,0,value,2.0
criminal_justice,dem-base,0,call,2.0
criminal_justice,dem-base,0,shouldnt,2.0
criminal_justice,dem-base,0,reason,1.0
criminal_justice,dem-base,0,come,1.0
criminal_justice,dem-base,0,larry,1.0
criminal_justice,dem-base,0,advocate,1.0
criminal_justice,dem-base,0,spokesperson,1.0
criminal_justice,dem-base,1,politician,2.0
criminal_justice,dem-base,1,long,1.0
criminal_justice,dem-base,1,news,1.0
criminal_justice,dem-base,1,#corrupttothecore,1.0
criminal_justice,dem-base,1,joke,1.0
criminal_justice,dem-base,1,#podesta,1.0
criminal_justice,dem-base,1,sweetheart,1.0
criminal_justice,dem-base,1,sign,1.0
criminal_justice,dem-base,1,liberal,1.0
criminal_justice,dem-base,1,solidarity,1.0
criminal_justice,rep-lead,0,work,8.0
criminal_justice,rep-lead,0,lead,2.0
criminal_justice,rep-lead,0,president,1.3333333333333333
criminal_justice,rep-lead,0,priority,1.0
criminal_justice,rep-lead,0,im,1.0
criminal_justice,rep-lead,0,nation,1.0
criminal_justice,rep-lead,0,deepest,1.0
criminal_justice,rep-lead,0,birth,1.0
criminal_justice,rep-lead,0,#magop,1.0
criminal_justice,rep-lead,0,obstructionist,1.0
criminal_justice,rep-lead,1,one,4.0
criminal_justice,rep-lead,1,gt,3.0
criminal_justice,rep-lead,1,way,3.0
criminal_justice,rep-lead,1,canada,2.0
criminal_justice,rep-lead,1,focus,2.0
criminal_justice,rep-lead,1,program,2.0
criminal_justice,rep-lead,1,tax,2.0
criminal_justice,rep-lead,1,discuss,1.6666666666666665
criminal_justice,rep-lead,1,impartial,1.3333333333333333
criminal_justice,rep-lead,1,#magop,1.125
criminal_justice,rep-base,0,happen,4.0
criminal_justice,rep-base,0,today,2.0
criminal_justice,rep-base,0,stop,2.0
criminal_justice,rep-base,0,save,2.0
criminal_justice,rep-base,0,liberal,1.0
criminal_justice,rep-base,0,saw,1.0
criminal_justice,rep-base,0,escape,1.0
criminal_justice,rep-base,0,determined,1.0
criminal_justice,rep-base,0,gop,1.0
criminal_justice,rep-base,0,singe,1.0
criminal_justice,rep-base,1,criminal,21.0
criminal_justice,rep-base,1,jail,6.0
criminal_justice,rep-base,1,system,3.466666666666667
criminal_justice,rep-base,1,clinton,3.0
criminal_justice,rep-base,1,walk,2.0
criminal_justice,rep-base,1,job,2.0
criminal_justice,rep-base,1,like,2.0
criminal_justice,rep-base,1,black,1.0
criminal_justice,rep-base,1,white,1.0
criminal_justice,rep-base,1,#keepamericagreat2020,1.0
drugs,dem-lead,0,bipartisan,58.0
drugs,dem-lead,0,every,21.0
drugs,dem-lead,0,come,19.0
drugs,dem-lead,0,devastate,17.0
drugs,dem-lead,0,healthcare,16.0
drugs,dem-lead,0,sign,12.0
drugs,dem-lead,0,million,12.0
drugs,dem-lead,0,increase,9.0
drugs,dem-lead,0,stop,8.666666666666666
drugs,dem-lead,0,rep,8.0
drugs,dem-lead,1,support,23.0
drugs,dem-lead,1,across,23.0
drugs,dem-lead,1,joe,21.5
drugs,dem-lead,1,opioid,17.178571428571427
drugs,dem-lead,1,tackle,13.0
drugs,dem-lead,1,tool,11.0
drugs,dem-lead,1,also,10.0
drugs,dem-lead,1,overdose,8.0
drugs,dem-lead,1,program,6.666666666666666
drugs,dem-lead,1,patient,6.0
drugs,dem-base,0,vote,3.0
drugs,dem-base,0,cell,2.0
drugs,dem-base,0,make,1.3333333333333333
drugs,dem-base,0,deal,1.0
drugs,dem-base,0,hed,1.0
drugs,dem-base,0,destroy,1.0
drugs,dem-base,0,#texas,1.0
drugs,dem-base,0,see,1.0
drugs,dem-base,0,deem,0.5
drugs,dem-base,0,pocket,0.3333333333333333
drugs,dem-base,1,represent,1.0
drugs,dem-base,1,door,1.0
drugs,dem-base,1,#copols,1.0
drugs,dem-base,1,unity,1.0
drugs,dem-base,1,market,1.0
drugs,dem-base,1,nation,0.3333333333333333
drugs,dem-base,1,#uniteblue,0.3333333333333333
drugs,dem-base,1,#resist,0.26666666666666666
drugs,dem-base,1,find,0.16666666666666666
drugs,dem-base,1,tv,0.125
drugs,rep-lead,0,work,20.666666666666664
drugs,rep-lead,0,problem,18.0
drugs,rep-lead,0,stop,16.0
drugs,rep-lead,0,veteran,16.0
drugs,rep-lead,0,opioid,13.571428571428571
drugs,rep-lead,0,enforcement,13.0
drugs,rep-lead,0,proud,11.0
drugs,rep-lead,0,find,5.666666666666666
drugs,rep-lead,0,would,5.0
drugs,rep-lead,0,#masen,5.0
drugs,rep-lead,1,stop,7.0
drugs,rep-lead,1,money,6.0
drugs,rep-lead,1,visit,4.0
drugs,rep-lead,1,put,4.0
drugs,rep-lead,1,grant,4.0
drugs,rep-lead,1,forward,4.0
drugs,rep-lead,1,give,3.5
drugs,rep-lead,1,real,3.0
drugs,rep-lead,1,ability,3.0
drugs,rep-lead,1,senior,3.0
drugs,rep-base,0,fight,5.0
drugs,rep-base,0,please,2.0
drugs,rep-base,0,border,1.0
drugs,rep-base,0,loud,1.0
drugs,rep-base,0,prison,1.0
drugs,rep-base,0,rep,1.0
drugs,rep-base,0,donald,1.0
drugs,rep-base,0,parenthood,1.0
drugs,rep-base,0,raise,0.5
drugs,rep-base,0,string,0.3333333333333333
drugs,rep-base,1,result,1.0
drugs,rep-base,1,money,1.0
drugs,rep-base,1,#opioidcrisis,1.0
drugs,rep-base,1,#commonsense,1.0
drugs,rep-base,1,reduce,1.0
drugs,rep-base,1,virtually,0.3333333333333333
drugs,rep-base,1,myth,0.3333333333333333
drugs,rep-base,1,american,0.2
drugs,rep-base,1,die,0.16666666666666666
drugs,rep-base,1,keep,0.16666666666666666
econ_inequality,dem-lead,0,worker,132.0
econ_inequality,dem-lead,0,people,101.0
econ_inequality,dem-lead,0,bill,63.0
econ_inequality,dem-lead,0,go,37.0
econ_inequality,dem-lead,0,live,32.0
econ_inequality,dem-lead,0,believe,30.0
econ_inequality,dem-lead,0,social,30.0
econ_inequality,dem-lead,0,discuss,29.0
econ_inequality,dem-lead,0,across,19.0
econ_inequality,dem-lead,0,option,18.0
econ_inequality,dem-lead,1,get,43.0
econ_inequality,dem-lead,1,year,18.0
econ_inequality,dem-lead,1,billionaire,17.0
econ_inequality,dem-lead,1,wage,15.866666666666667
econ_inequality,dem-lead,1,#netneutrality,12.0
econ_inequality,dem-lead,1,toward,12.0
econ_inequality,dem-lead,1,cant,10.0
econ_inequality,dem-lead,1,city,9.0
econ_inequality,dem-lead,1,vote,8.0
econ_inequality,dem-lead,1,#paycheckfairness,8.0
econ_inequality,dem-base,0,affordable,13.0
econ_inequality,dem-base,0,give,5.333333333333333
econ_inequality,dem-base,0,#democrats,5.0
econ_inequality,dem-base,0,office,2.0
econ_inequality,dem-base,0,matter,2.0
econ_inequality,dem-base,0,preexist,2.0
econ_inequality,dem-base,0,medicare,1.6666666666666665
econ_inequality,dem-base,0,strong,1.6666666666666665
econ_inequality,dem-base,0,pillage,1.5
econ_inequality,dem-base,0,one,1.0
econ_inequality,dem-base,1,lgbtq,4.0
econ_inequality,dem-base,1,via,2.625
econ_inequality,dem-base,1,life,2.0
econ_inequality,dem-base,1,force,1.5
econ_inequality,dem-base,1,rhetoric,1.0
econ_inequality,dem-base,1,economic,1.0
econ_inequality,dem-base,1,part,1.0
econ_inequality,dem-base,1,#insolidarity,1.0
econ_inequality,dem-base,1,assemble,1.0
econ_inequality,dem-base,1,describe,1.0
econ_inequality,rep-lead,0,city,5.0
econ_inequality,rep-lead,0,senator,5.0
econ_inequality,rep-lead,0,low,4.0
econ_inequality,rep-lead,0,rate,4.0
econ_inequality,rep-lead,0,giveaway,4.0
econ_inequality,rep-lead,0,black,4.0
econ_inequality,rep-lead,0,family,3.0
econ_inequality,rep-lead,0,lincoln,3.0
econ_inequality,rep-lead,0,tx,3.0
econ_inequality,rep-lead,0,next,3.0
econ_inequality,rep-lead,1,thanks,6.0
econ_inequality,rep-lead,1,policy,5.0
econ_inequality,rep-lead,1,many,4.0
econ_inequality,rep-lead,1,#gapol,4.0
econ_inequality,rep-lead,1,time,3.0
econ_inequality,rep-lead,1,senator,3.0
econ_inequality,rep-lead,1,help,2.6666666666666665
econ_inequality,rep-lead,1,james,2.6666666666666665
econ_inequality,rep-lead,1,texas,2.0
econ_inequality,rep-lead,1,mission,2.0
econ_inequality,rep-base,0,wage,5.0
econ_inequality,rep-base,0,housing,4.0
econ_inequality,rep-base,0,donald,2.0
econ_inequality,rep-base,0,read,2.0
econ_inequality,rep-base,0,nation,2.0
econ_inequality,rep-base,0,give,1.3333333333333333
econ_inequality,rep-base,0,commit,1.0
econ_inequality,rep-base,0,begin,1.0
econ_inequality,rep-base,0,woman,1.0
econ_inequality,rep-base,0,value,1.0
econ_inequality,rep-base,1,bookshop,1.0
econ_inequality,rep-base,1,tribunal,1.0
econ_inequality,rep-base,1,#impeachtrumpnow,1.0
econ_inequality,rep-base,1,good,1.0
econ_inequality,rep-base,1,first,1.0
econ_inequality,rep-base,1,calif,1.0
econ_inequality,rep-base,1,office,1.0
econ_inequality,rep-base,1,bonus,0.3333333333333333
econ_inequality,rep-base,1,rule,0.3333333333333333
econ_inequality,rep-base,1,work,0.3333333333333333
econ_jobs,dem-lead,0,job,1444.0
econ_jobs,dem-lead,0,year,314.0
econ_jobs,dem-lead,0,say,239.0
econ_jobs,dem-lead,0,start,138.0
econ_jobs,dem-lead,0,thanks,127.0
econ_jobs,dem-lead,0,hear,108.0
econ_jobs,dem-lead,0,take,96.33333333333333
econ_jobs,dem-lead,0,repeal,93.0
econ_jobs,dem-lead,0,cut,89.16666666666666
econ_jobs,dem-lead,0,talk,87.5
econ_jobs,dem-lead,1,business,386.66666666666663
econ_jobs,dem-lead,1,need,325.0
econ_jobs,dem-lead,1,leader,152.0
econ_jobs,dem-lead,1,day,131.0
econ_jobs,dem-lead,1,thats,91.0
econ_jobs,dem-lead,1,get,79.0
econ_jobs,dem-lead,1,rich,53.0
econ_jobs,dem-lead,1,local,42.33333333333333
econ_jobs,dem-lead,1,serve,38.0
econ_jobs,dem-lead,1,always,37.0
econ_jobs,dem-base,0,dont,125.0
econ_jobs,dem-base,0,bill,67.0
econ_jobs,dem-base,0,social,60.0
econ_jobs,dem-base,0,democrat,56.0
econ_jobs,dem-base,0,#resist,41.07142857142857
econ_jobs,dem-base,0,#fbr,35.0
econ_jobs,dem-base,0,help,34.0
econ_jobs,dem-base,0,nothing,27.0
econ_jobs,dem-base,0,office,26.0
econ_jobs,dem-base,0,offshore,25.0
econ_jobs,dem-base,1,stock,16.0
econ_jobs,dem-base,1,coverage,10.0
econ_jobs,dem-base,1,live,9.0
econ_jobs,dem-base,1,poverty,7.0
econ_jobs,dem-base,1,order,7.0
econ_jobs,dem-base,1,social,6.0
econ_jobs,dem-base,1,party,6.0
econ_jobs,dem-base,1,get,5.583333333333333
econ_jobs,dem-base,1,thank,5.5
econ_jobs,dem-base,1,head,5.0
econ_jobs,rep-lead,0,business,1571.0
econ_jobs,rep-lead,0,middle,415.0
econ_jobs,rep-lead,0,health,93.0
econ_jobs,rep-lead,0,ive,80.0
econ_jobs,rep-lead,0,receive,69.0
econ_jobs,rep-lead,0,employee,65.0
econ_jobs,rep-lead,0,family,61.83333333333333
econ_jobs,rep-lead,0,today,60.83333333333333
econ_jobs,rep-lead,0,keep,60.666666666666664
econ_jobs,rep-lead,0,speak,52.0
econ_jobs,rep-lead,1,raise,118.0
econ_jobs,rep-lead,1,deal,38.0
econ_jobs,rep-lead,1,deserve,37.0
econ_jobs,rep-lead,1,guardian,34.0
econ_jobs,rep-lead,1,message,33.0
econ_jobs,rep-lead,1,#taxreform,32.0
econ_jobs,rep-lead,1,thank,31.333333333333332
econ_jobs,rep-lead,1,win,30.0
econ_jobs,rep-lead,1,entrepreneur,30.0
econ_jobs,rep-lead,1,time,24.5
econ_jobs,rep-base,0,war,79.66666666666666
econ_jobs,rep-base,0,ever,65.0
econ_jobs,rep-base,0,love,62.0
econ_jobs,rep-base,0,president,48.75
econ_jobs,rep-base,0,grow,43.0
econ_jobs,rep-base,0,would,40.0
econ_jobs,rep-base,0,new,39.666666666666664
econ_jobs,rep-base,0,also,36.0
econ_jobs,rep-base,0,debt,25.0
econ_jobs,rep-base,0,next,24.0
econ_jobs,rep-base,1,job,310.0
econ_jobs,rep-base,1,hard,22.5
econ_jobs,rep-base,1,#maga,22.31578947368421
econ_jobs,rep-base,1,cut,13.666666666666666
econ_jobs,rep-base,1,take,10.666666666666666
econ_jobs,rep-base,1,jan,9.0
econ_jobs,rep-base,1,3500,9.0
econ_jobs,rep-base,1,plan,8.5
econ_jobs,rep-base,1,turn,8.0
econ_jobs,rep-base,1,#metoo,7.0
education,dem-lead,0,need,187.0
education,dem-lead,0,pay,99.0
education,dem-lead,0,child,98.0
education,dem-lead,0,vote,45.0
education,dem-lead,0,system,35.0
education,dem-lead,0,every,30.666666666666664
education,dem-lead,0,strengthen,29.0
education,dem-lead,0,#bankonstudents,29.0
education,dem-lead,0,#dontdoublemyrate,27.0
education,dem-lead,0,betsy,27.0
education,dem-lead,1,public,444.0
education,dem-lead,1,teacher,158.0
education,dem-lead,1,give,25.0
education,dem-lead,1,student,17.38888888888889
education,dem-lead,1,increase,15.0
education,dem-lead,1,act,15.0
education,dem-lead,1,well,13.0
education,dem-lead,1,must,12.666666666666666
education,dem-lead,1,#devos,8.0
education,dem-lead,1,15,7.0
education,dem-base,0,vote,5.333333333333333
education,dem-base,0,last,4.0
education,dem-base,0,billion,4.0
education,dem-base,0,one,3.0
education,dem-base,0,#badlenders,3.0
education,dem-base,0,#revolt,3.0
education,dem-base,0,pastor,3.0
education,dem-base,0,want,2.5
education,dem-base,0,student,2.1333333333333333
education,dem-base,0,#flipitblue,2.0
education,dem-base,1,im,4.0
education,dem-base,1,#dems,3.0
education,dem-base,1,teach,2.0
education,dem-base,1,level,2.0
education,dem-base,1,secretary,2.0
education,dem-base,1,debt,1.5
education,dem-base,1,many,1.0
education,dem-base,1,werken,1.0
education,dem-base,1,#lebronjames,1.0
education,dem-base,1,yes,1.0
education,rep-lead,0,#dontdoublemyrate,36.0
education,rep-lead,0,one,18.0
education,rep-lead,0,dc,7.0
education,rep-lead,0,expand,5.0
education,rep-lead,0,hold,5.0
education,rep-lead,0,pleasure,4.0
education,rep-lead,0,remove,4.0
education,rep-lead,0,leadership,3.0
education,rep-lead,0,dream,3.0
education,rep-lead,0,appreciate,3.0
education,rep-lead,1,job,4.0
education,rep-lead,1,prevent,3.0
education,rep-lead,1,learn,1.3333333333333333
education,rep-lead,1,act,1.25
education,rep-lead,1,enjoy,1.0
education,rep-lead,1,surrogate,1.0
education,rep-lead,1,1st,1.0
education,rep-lead,1,peterson,1.0
education,rep-lead,1,mandate,1.0
education,rep-lead,1,lhhs,1.0
education,rep-base,0,student,33.0
education,rep-base,0,dont,4.0
education,rep-base,0,already,3.0
education,rep-base,0,ever,3.0
education,rep-base,0,florida,3.0
education,rep-base,0,#uniteblue,2.0
education,rep-base,0,church,2.0
education,rep-base,0,hillary,2.0
education,rep-base,0,wonder,2.0
education,rep-base,0,#maga,1.967741935483871
education,rep-base,1,use,2.0
education,rep-base,1,push,2.0
education,rep-base,1,folk,1.0
education,rep-base,1,scripture,1.0
education,rep-base,1,brainwash,1.0
education,rep-base,1,let,1.0
education,rep-base,1,code,1.0
education,rep-base,1,#theresistance,1.0
education,rep-base,1,quiet,1.0
education,rep-base,1,key,1.0
environment,dem-lead,0,see,62.0
environment,dem-lead,0,isnt,49.0
environment,dem-lead,0,report,48.0
environment,dem-lead,0,energy,45.93333333333333
environment,dem-lead,0,provide,44.0
environment,dem-lead,0,million,41.0
environment,dem-lead,0,rep,40.0
environment,dem-lead,0,company,34.0
environment,dem-lead,0,#sb100,29.0
environment,dem-lead,0,celebrate,29.0
environment,dem-lead,1,join,81.0
environment,dem-lead,1,thank,71.0
environment,dem-lead,1,world,62.0
environment,dem-lead,1,#sb100,42.0
environment,dem-lead,1,well,41.0
environment,dem-lead,1,future,38.0
environment,dem-lead,1,one,36.0
environment,dem-lead,1,report,28.0
environment,dem-lead,1,try,22.0
environment,dem-lead,1,trump,21.0
environment,dem-base,0,change,214.0
environment,dem-base,0,want,28.0
environment,dem-base,0,world,12.0
environment,dem-base,0,#fucktrump,11.0
environment,dem-base,0,dem,10.0
environment,dem-base,0,need,9.5
environment,dem-base,0,read,7.0
environment,dem-base,0,safety,7.0
environment,dem-base,0,bridge,6.0
environment,dem-base,0,cost,4.0
environment,dem-base,1,#leaveitintheground,9.0
environment,dem-base,1,#greennewdeal,7.0
environment,dem-base,1,paradise,6.0
environment,dem-base,1,#savedemocracy,5.0
environment,dem-base,1,press,4.0
environment,dem-base,1,#vote,4.0
environment,dem-base,1,keep,4.0
environment,dem-base,1,free,3.5
environment,dem-base,1,let,3.0
environment,dem-base,1,election,3.0
environment,rep-lead,0,visit,10.0
environment,rep-lead,0,government,7.0
environment,rep-lead,0,development,7.0
environment,rep-lead,0,fossil,6.333333333333333
environment,rep-lead,0,address,6.0
environment,rep-lead,0,sec,5.0
environment,rep-lead,0,2017,4.0
environment,rep-lead,0,arkansas,3.0
environment,rep-lead,0,hydropower,3.0
environment,rep-lead,0,mile,3.0
environment,rep-lead,1,state,8.0
environment,rep-lead,1,climate,7.416666666666666
environment,rep-lead,1,night,6.0
environment,rep-lead,1,call,5.0
environment,rep-lead,1,people,4.5
environment,rep-lead,1,happen,4.0
environment,rep-lead,1,epa,4.0
environment,rep-lead,1,time,4.0
environment,rep-lead,1,one,3.0
environment,rep-lead,1,opponent,3.0
environment,rep-base,0,energy,26.0
environment,rep-base,0,#fossilfuels,7.0
environment,rep-base,0,push,7.0
environment,rep-base,0,human,6.0
environment,rep-base,0,white,6.0
environment,rep-base,0,dont,5.0
environment,rep-base,0,#wedecide,5.0
environment,rep-base,0,save,4.0
environment,rep-base,0,#scumbag,4.0
environment,rep-base,0,kowtow,4.0
environment,rep-base,1,#maga,58.0
environment,rep-base,1,regulation,6.0
environment,rep-base,1,like,6.0
environment,rep-base,1,say,4.666666666666666
environment,rep-base,1,#renewableenergy,4.0
environment,rep-base,1,fake,3.0
environment,rep-base,1,action,3.0
environment,rep-base,1,away,3.0
environment,rep-base,1,macron,3.0
environment,rep-base,1,unfortunate,3.0
foreign_policy,dem-lead,0,continue,75.0
foreign_policy,dem-lead,0,join,56.0
foreign_policy,dem-lead,0,action,40.0
foreign_policy,dem-lead,0,republican,35.0
foreign_policy,dem-lead,0,strong,34.0
foreign_policy,dem-lead,0,lead,29.0
foreign_policy,dem-lead,0,much,27.0
foreign_policy,dem-lead,0,donald,23.0
foreign_policy,dem-lead,0,tax,20.0
foreign_policy,dem-lead,0,get,19.333333333333332
foreign_policy,dem-lead,1,korea,210.0
foreign_policy,dem-lead,1,american,65.0
foreign_policy,dem-lead,1,congress,34.0
foreign_policy,dem-lead,1,see,18.0
foreign_policy,dem-lead,1,committee,11.0
foreign_policy,dem-lead,1,nothing,9.0
foreign_policy,dem-lead,1,read,8.333333333333332
foreign_policy,dem-lead,1,advocate,8.0
foreign_policy,dem-lead,1,true,8.0
foreign_policy,dem-lead,1,future,7.333333333333333
foreign_policy,dem-base,0,ban,80.0
foreign_policy,dem-base,0,first,79.0
foreign_policy,dem-base,0,need,37.0
foreign_policy,dem-base,0,cfpb,36.0
foreign_policy,dem-base,0,get,23.333333333333332
foreign_policy,dem-base,0,campaign,22.0
foreign_policy,dem-base,0,peace,21.0
foreign_policy,dem-base,0,china,21.0
foreign_policy,dem-base,0,use,20.0
foreign_policy,dem-base,0,man,17.0
foreign_policy,dem-base,1,middle,20.0
foreign_policy,dem-base,1,news,13.0
foreign_policy,dem-base,1,thats,11.0
foreign_policy,dem-base,1,#democrats,10.0
foreign_policy,dem-base,1,put,10.0
foreign_policy,dem-base,1,cant,10.0
foreign_policy,dem-base,1,#voteblue,9.0
foreign_policy,dem-base,1,move,8.0
foreign_policy,dem-base,1,happen,6.0
foreign_policy,dem-base,1,intelligence,6.0
foreign_policy,rep-lead,0,country,60.0
foreign_policy,rep-lead,0,need,31.0
foreign_policy,rep-lead,0,forward,31.0
foreign_policy,rep-lead,0,war,31.0
foreign_policy,rep-lead,0,vital,30.0
foreign_policy,rep-lead,0,state,23.333333333333332
foreign_policy,rep-lead,0,plan,23.0
foreign_policy,rep-lead,0,kim,16.0
foreign_policy,rep-lead,0,citizen,16.0
foreign_policy,rep-lead,0,partner,15.0
foreign_policy,rep-lead,1,keep,33.0
foreign_policy,rep-lead,1,korean,9.0
foreign_policy,rep-lead,1,policy,8.75
foreign_policy,rep-lead,1,#txlege,8.0
foreign_policy,rep-lead,1,look,8.0
foreign_policy,rep-lead,1,budget,8.0
foreign_policy,rep-lead,1,dream,7.0
foreign_policy,rep-lead,1,white,7.0
foreign_policy,rep-lead,1,trump,6.5
foreign_policy,rep-lead,1,iran,6.388888888888888
foreign_policy,rep-base,0,put,120.0
foreign_policy,rep-base,0,know,82.0
foreign_policy,rep-base,0,look,53.0
foreign_policy,rep-base,0,year,48.0
foreign_policy,rep-base,0,nothing,27.0
foreign_policy,rep-base,0,#draintheswamp,23.0
foreign_policy,rep-base,0,retweeting,21.0
foreign_policy,rep-base,0,play,20.0
foreign_policy,rep-base,0,real,20.0
foreign_policy,rep-base,0,#putin,20.0
foreign_policy,rep-base,1,news,37.0
foreign_policy,rep-base,1,#maga,31.333333333333332
foreign_policy,rep-base,1,china,26.0
foreign_policy,rep-base,1,see,23.0
foreign_policy,rep-base,1,pull,16.0
foreign_policy,rep-base,1,let,12.0
foreign_policy,rep-base,1,policy,11.0
foreign_policy,rep-base,1,king,11.0
foreign_policy,rep-base,1,#trumptrain,10.0
foreign_policy,rep-base,1,finally,10.0
governance,dem-lead,0,take,390.0
governance,dem-lead,0,people,355.0
governance,dem-lead,0,family,128.0
governance,dem-lead,0,government,97.0
governance,dem-lead,0,fight,82.66666666666666
governance,dem-lead,0,work,78.33333333333333
governance,dem-lead,0,pay,63.0
governance,dem-lead,0,cut,60.0
governance,dem-lead,0,deserve,57.0
governance,dem-lead,0,much,33.0
governance,dem-lead,1,campaign,284.0
governance,dem-lead,1,im,182.0
governance,dem-lead,1,need,141.0
governance,dem-lead,1,washington,82.0
governance,dem-lead,1,politics,61.0
governance,dem-lead,1,contribution,31.0
governance,dem-lead,1,power,29.0
governance,dem-lead,1,small,22.0
governance,dem-lead,1,donation,21.0
governance,dem-lead,1,believe,20.0
governance,dem-base,0,people,95.0
governance,dem-base,0,help,28.0
governance,dem-base,0,win,16.5
governance,dem-base,0,claim,16.0
governance,dem-base,0,really,15.0
governance,dem-base,0,year,15.0
governance,dem-base,0,#resistance,14.666666666666666
governance,dem-base,0,break,11.0
governance,dem-base,0,investigation,11.0
governance,dem-base,0,cant,9.5
governance,dem-base,1,term,59.0
governance,dem-base,1,everything,6.0
governance,dem-base,1,cant,6.0
governance,dem-base,1,protect,5.0
governance,dem-base,1,dont,4.0
governance,dem-base,1,problem,4.0
governance,dem-base,1,real,4.0
governance,dem-base,1,#resist,3.588235294117647
governance,dem-base,1,blue,3.0
governance,dem-base,1,business,3.0
governance,rep-lead,0,politics,25.0
governance,rep-lead,0,voter,19.333333333333332
governance,rep-lead,0,elect,10.0
governance,rep-lead,0,water,9.0
governance,rep-lead,0,donor,7.0
governance,rep-lead,0,hardworking,6.0
governance,rep-lead,0,john,5.0
governance,rep-lead,0,dems,5.0
governance,rep-lead,0,#maga,4.333333333333333
governance,rep-lead,0,shes,4.0
governance,rep-lead,1,support,16.666666666666664
governance,rep-lead,1,job,9.0
governance,rep-lead,1,represent,8.0
governance,rep-lead,1,join,7.0
governance,rep-lead,1,individual,6.0
governance,rep-lead,1,house,6.0
governance,rep-lead,1,drain,5.583333333333333
governance,rep-lead,1,business,5.0
governance,rep-lead,1,away,4.0
governance,rep-lead,1,#mtpol,3.6666666666666665
governance,rep-base,0,go,58.0
governance,rep-base,0,use,32.0
governance,rep-base,0,finance,28.5
governance,rep-base,0,well,20.0
governance,rep-base,0,know,19.333333333333332
governance,rep-base,0,call,18.0
governance,rep-base,0,#potus,12.0
governance,rep-base,0,allow,12.0
governance,rep-base,0,history,10.0
governance,rep-base,0,hard,9.0
governance,rep-base,1,country,36.0
governance,rep-base,1,want,26.0
governance,rep-base,1,thats,25.0
governance,rep-base,1,stone,24.0
governance,rep-base,1,swamp,23.166666666666664
governance,rep-base,1,woman,8.333333333333332
governance,rep-base,1,tell,8.0
governance,rep-base,1,would,6.5
governance,rep-base,1,care,6.0
governance,rep-base,1,another,6.0
guns,dem-lead,0,year,88.5
guns,dem-lead,0,voice,85.0
guns,dem-lead,0,action,78.75
guns,dem-lead,0,care,70.0
guns,dem-lead,0,prevent,67.0
guns,dem-lead,0,back,63.0
guns,dem-lead,0,#nobillnobreak,55.0
guns,dem-lead,0,heart,51.0
guns,dem-lead,0,enact,45.0
guns,dem-lead,0,#gunreformnow,45.0
guns,dem-lead,1,take,226.0
guns,dem-lead,1,vote,111.0
guns,dem-lead,1,epidemic,64.0
guns,dem-lead,1,public,56.0
guns,dem-lead,1,first,48.0
guns,dem-lead,1,safe,43.666666666666664
guns,dem-lead,1,part,28.0
guns,dem-lead,1,look,22.0
guns,dem-lead,1,#nationalwalkoutday,22.0
guns,dem-lead,1,mass,21.875
guns,dem-base,0,one,31.0
guns,dem-base,0,second,27.0
guns,dem-base,0,want,23.333333333333332
guns,dem-base,0,please,22.0
guns,dem-base,0,#resist,17.2
guns,dem-base,0,citizen,15.0
guns,dem-base,0,anyone,14.0
guns,dem-base,0,leave,13.0
guns,dem-base,0,racist,11.0
guns,dem-base,0,water,10.0
guns,dem-base,1,hop,37.0
guns,dem-base,1,day,18.0
guns,dem-base,1,song,17.5
guns,dem-base,1,standpoint,17.5
guns,dem-base,1,america,17.0
guns,dem-base,1,right,13.666666666666666
guns,dem-base,1,together,12.333333333333332
guns,dem-base,1,vote,8.833333333333332
guns,dem-base,1,social,8.0
guns,dem-base,1,hip,7.4
guns,rep-lead,0,would,27.0
guns,rep-lead,0,#wvsen,25.0
guns,rep-lead,0,student,21.0
guns,rep-lead,0,think,12.0
guns,rep-lead,0,radical,9.0
guns,rep-lead,0,ban,7.5
guns,rep-lead,0,great,7.333333333333333
guns,rep-lead,0,thats,7.0
guns,rep-lead,0,way,7.0
guns,rep-lead,0,#mosen,7.0
guns,rep-lead,1,right,187.0
guns,rep-lead,1,check,15.0
guns,rep-lead,1,time,14.0
guns,rep-lead,1,house,14.0
guns,rep-lead,1,talk,14.0
guns,rep-lead,1,senator,12.0
guns,rep-lead,1,join,8.5
guns,rep-lead,1,curb,6.0
guns,rep-lead,1,back,5.0
guns,rep-lead,1,live,5.0
guns,rep-base,0,violence,117.0
guns,rep-base,0,liberal,57.0
guns,rep-base,0,child,55.0
guns,rep-base,0,high,31.0
guns,rep-base,0,carry,24.0
guns,rep-base,0,isnt,21.0
guns,rep-base,0,constitution,20.0
guns,rep-base,0,maybe,19.0
guns,rep-base,0,also,18.0
guns,rep-base,0,defend,18.0
guns,rep-base,1,want,29.5
guns,rep-base,1,think,22.0
guns,rep-base,1,keep,16.0
guns,rep-base,1,nra,12.0
guns,rep-base,1,leader,12.0
guns,rep-base,1,first,12.0
guns,rep-base,1,really,11.0
guns,rep-base,1,leave,10.0
guns,rep-base,1,answer,10.0
guns,rep-base,1,solution,10.0
health,dem-lead,0,people,1362.0
health,dem-lead,0,get,846.0
health,dem-lead,0,repeal,542.0
health,dem-lead,0,dont,384.0
health,dem-lead,0,benefit,229.0
health,dem-lead,0,public,221.0
health,dem-lead,0,#getcovered,181.0
health,dem-lead,0,#aca,177.5
health,dem-lead,0,crisis,173.0
health,dem-lead,0,policy,144.0
health,dem-lead,1,get,339.0
health,dem-lead,1,today,248.0
health,dem-lead,1,million,181.66666666666666
health,dem-lead,1,protection,105.33333333333333
health,dem-lead,1,know,90.0
health,dem-lead,1,act,76.0
health,dem-lead,1,cover,67.0
health,dem-lead,1,opioid,64.0
health,dem-lead,1,4000,50.0
health,dem-lead,1,senate,41.33333333333333
health,dem-base,0,life,107.0
health,dem-base,0,net,74.0
health,dem-base,0,know,51.0
health,dem-base,0,drilling,36.0
health,dem-base,0,kill,32.0
health,dem-base,0,way,26.0
health,dem-base,0,ice,24.333333333333332
health,dem-base,0,another,23.0
health,dem-base,0,sick,21.0
health,dem-base,0,frank,18.0
health,dem-base,1,vote,71.0
health,dem-base,1,right,62.0
health,dem-base,1,security,42.0
health,dem-base,1,need,29.0
health,dem-base,1,change,10.0
health,dem-base,1,mcconnell,10.0
health,dem-base,1,care,9.6
health,dem-base,1,woman,7.333333333333333
health,dem-base,1,#theresistance,7.0
health,dem-base,1,150000,7.0
health,rep-lead,0,cost,257.0
health,rep-lead,0,patient,79.0
health,rep-lead,0,issue,45.666666666666664
health,rep-lead,0,aca,35.0
health,rep-lead,0,increase,32.666666666666664
health,rep-lead,0,congress,30.666666666666664
health,rep-lead,0,program,27.333333333333332
health,rep-lead,0,#obamacare,22.400000000000002
health,rep-lead,0,resource,19.0
health,rep-lead,0,20,17.0
health,rep-lead,1,condition,93.0
health,rep-lead,1,year,39.0
health,rep-lead,1,go,30.0
health,rep-lead,1,statement,24.0
health,rep-lead,1,read,20.0
health,rep-lead,1,even,15.0
health,rep-lead,1,employer,14.0
health,rep-lead,1,check,9.0
health,rep-lead,1,veteran,8.5
health,rep-lead,1,woman,8.333333333333332
health,rep-base,0,#gop,113.0
health,rep-base,0,regular,19.0
health,rep-base,0,put,16.0
health,rep-base,0,way,15.0
health,rep-base,0,#gunreformnow,12.5
health,rep-base,0,#prolife,12.0
health,rep-base,0,country,11.333333333333332
health,rep-base,0,shooter,11.0
health,rep-base,0,debt,11.0
health,rep-base,0,republicans,10.0
health,rep-base,1,job,11.0
health,rep-base,1,gun,8.0
health,rep-base,1,cover,4.0
health,rep-base,1,crime,4.0
health,rep-base,1,speak,3.0
health,rep-base,1,benefit,3.0
health,rep-base,1,illegals,3.0
health,rep-base,1,advocate,3.0
health,rep-base,1,cost,3.0
health,rep-base,1,shooting,3.0
immigration,dem-lead,0,separate,552.0
immigration,dem-lead,0,seek,189.0
immigration,dem-lead,0,make,72.0
immigration,dem-lead,0,city,58.0
immigration,dem-lead,0,order,44.0
immigration,dem-lead,0,cant,41.0
immigration,dem-lead,0,priority,35.0
immigration,dem-lead,0,believe,31.0
immigration,dem-lead,0,community,28.0
immigration,dem-lead,0,secure,25.0
immigration,dem-lead,1,today,55.0
immigration,dem-lead,1,still,26.0
immigration,dem-lead,1,#timeisnow,16.0
immigration,dem-lead,1,solution,15.0
immigration,dem-lead,1,reform,12.11111111111111
immigration,dem-lead,1,get,11.333333333333332
immigration,dem-lead,1,republican,10.0
immigration,dem-lead,1,come,9.666666666666666
immigration,dem-lead,1,reminder,9.0
immigration,dem-lead,1,council,9.0
immigration,dem-base,0,child,260.0
immigration,dem-base,0,trump,115.33333333333333
immigration,dem-base,0,please,54.0
immigration,dem-base,0,funding,35.0
immigration,dem-base,0,america,33.33333333333333
immigration,dem-base,0,#trumpshutdown,32.0
immigration,dem-base,0,change,31.0
immigration,dem-base,0,cause,27.0
immigration,dem-base,0,also,27.0
immigration,dem-base,0,didnt,22.0
immigration,dem-base,1,child,81.0
immigration,dem-base,1,american,49.0
immigration,dem-base,1,#democrats,29.5
immigration,dem-base,1,wall,29.0
immigration,dem-base,1,mexico,23.0
immigration,dem-base,1,illegal,11.75
immigration,dem-base,1,watch,11.0
immigration,dem-base,1,fight,11.0
immigration,dem-base,1,know,10.0
immigration,dem-base,1,would,8.5
immigration,rep-lead,0,enforcement,81.0
immigration,rep-lead,0,talk,79.0
immigration,rep-lead,0,separate,73.0
immigration,rep-lead,0,make,41.0
immigration,rep-lead,0,promise,39.0
immigration,rep-lead,0,take,37.33333333333333
immigration,rep-lead,0,ice,32.0
immigration,rep-lead,0,doesnt,28.5
immigration,rep-lead,0,see,28.0
immigration,rep-lead,0,official,26.0
immigration,rep-lead,1,open,86.0
immigration,rep-lead,1,security,54.0
immigration,rep-lead,1,people,46.0
immigration,rep-lead,1,cut,32.0
immigration,rep-lead,1,government,29.0
immigration,rep-lead,1,american,25.333333333333332
immigration,rep-lead,1,citizen,24.0
immigration,rep-lead,1,policy,22.666666666666664
immigration,rep-lead,1,ensure,22.0
immigration,rep-lead,1,#freeafridi,16.0
immigration,rep-base,0,call,110.0
immigration,rep-base,0,secure,99.0
immigration,rep-base,0,usa,69.0
immigration,rep-base,0,even,62.0
immigration,rep-base,0,watch,56.0
immigration,rep-base,0,news,52.0
immigration,rep-base,0,#wwg1wga,41.0
immigration,rep-base,0,right,34.0
immigration,rep-base,0,fix,31.0
immigration,rep-base,0,also,30.5
immigration,rep-base,1,get,65.0
immigration,rep-base,1,#gop,22.0
immigration,rep-base,1,nation,19.0
immigration,rep-base,1,cross,15.0
immigration,rep-base,1,military,10.0
immigration,rep-base,1,donate,9.0
immigration,rep-base,1,fund,9.0
immigration,rep-base,1,terrorist,8.0
immigration,rep-base,1,wall,7.181818181818182
immigration,rep-base,1,#releasethememo,7.0
pharma,dem-lead,0,make,107.0
pharma,dem-lead,0,hold,67.0
pharma,dem-lead,0,coverage,43.0
pharma,dem-lead,0,last,39.0
pharma,dem-lead,0,unused,33.0
pharma,dem-lead,0,epidemic,28.0
pharma,dem-lead,0,stop,24.5
pharma,dem-lead,0,deal,23.0
pharma,dem-lead,0,dispose,23.0
pharma,dem-lead,0,across,21.0
pharma,dem-lead,1,million,13.0
pharma,dem-lead,1,opioid,13.0
pharma,dem-lead,1,plan,5.666666666666666
pharma,dem-lead,1,best,4.0
pharma,dem-lead,1,today,3.333333333333333
pharma,dem-lead,1,leave,2.0
pharma,dem-lead,1,shell,2.0
pharma,dem-lead,1,living,2.0
pharma,dem-lead,1,start,2.0
pharma,dem-lead,1,accept,2.0
pharma,dem-base,0,bold,106.0
pharma,dem-base,0,rx,18.666666666666664
pharma,dem-base,0,hike,17.0
pharma,dem-base,0,progressive,6.625
pharma,dem-base,0,via,6.235294117647059
pharma,dem-base,0,one,5.0
pharma,dem-base,0,lot,3.0
pharma,dem-base,0,people,2.833333333333333
pharma,dem-base,0,another,2.0
pharma,dem-base,0,well,1.6666666666666665
pharma,dem-base,1,#nra,1.0
pharma,dem-base,1,bed,1.0
pharma,dem-base,1,amoung,1.0
pharma,dem-base,1,well,1.0
pharma,dem-base,1,company,0.3333333333333333
pharma,dem-base,1,help,0.3333333333333333
pharma,dem-base,1,#congress,0.16666666666666666
pharma,dem-base,1,#bloodmoney,0.08333333333333333
pharma,dem-base,1,much,0.06666666666666667
pharma,dem-base,1,pretty,0.03571428571428571
pharma,rep-lead,0,senior,22.0
pharma,rep-lead,0,good,9.0
pharma,rep-lead,0,protect,9.0
pharma,rep-lead,0,way,6.0
pharma,rep-lead,0,pass,6.0
pharma,rep-lead,0,#mi07,4.5
pharma,rep-lead,0,national,4.0
pharma,rep-lead,0,mean,4.0
pharma,rep-lead,0,drop,3.0
pharma,rep-lead,0,end,3.0
pharma,rep-lead,1,bill,4.0
pharma,rep-lead,1,epidemic,3.0
pharma,rep-lead,1,spiral,1.0
pharma,rep-lead,1,secret,1.0
pharma,rep-lead,1,truth,1.0
pharma,rep-lead,1,finally,1.0
pharma,rep-lead,1,especially,1.0
pharma,rep-lead,1,make,0.6666666666666666
pharma,rep-lead,1,#wiright,0.5
pharma,rep-lead,1,prescription,0.46428571428571425
pharma,rep-base,0,american,7.0
pharma,rep-base,0,great,5.0
pharma,rep-base,0,problem,3.0
pharma,rep-base,0,#trump,2.533333333333333
pharma,rep-base,0,gun,2.5
pharma,rep-base,0,pill,2.0
pharma,rep-base,0,target,2.0
pharma,rep-base,0,id,2.0
pharma,rep-base,0,bill,2.0
pharma,rep-base,0,illegal,2.0
pharma,rep-base,1,drug,2.0
pharma,rep-base,1,president,1.0
pharma,rep-base,1,#fulldisclosurenow,1.0
pharma,rep-base,1,run,1.0
pharma,rep-base,1,low,1.0
pharma,rep-base,1,#notarussianbot,0.3333333333333333
pharma,rep-base,1,burner,0.3333333333333333
pharma,rep-base,1,world,0.3333333333333333
pharma,rep-base,1,today,0.25
pharma,rep-base,1,profit,0.2
puerto_rico,dem-lead,0,maria,152.0
puerto_rico,dem-lead,0,fellow,78.0
puerto_rico,dem-lead,0,hurricane,31.333333333333332
puerto_rico,dem-lead,0,toll,28.0
puerto_rico,dem-lead,0,3000,19.0
puerto_rico,dem-lead,0,fema,17.0
puerto_rico,dem-lead,0,en,13.5
puerto_rico,dem-lead,0,part,12.0
puerto_rico,dem-lead,0,without,11.0
puerto_rico,dem-lead,0,still,10.5
puerto_rico,dem-lead,1,crisis,23.0
puerto_rico,dem-lead,1,still,9.333333333333332
puerto_rico,dem-lead,1,health,9.0
puerto_rico,dem-lead,1,islands,8.0
puerto_rico,dem-lead,1,leadership,7.0
puerto_rico,dem-lead,1,house,7.0
puerto_rico,dem-lead,1,people,6.666666666666666
puerto_rico,dem-lead,1,restore,5.0
puerto_rico,dem-lead,1,su,4.0
puerto_rico,dem-lead,1,ground,4.0
puerto_rico,dem-base,0,exploit,12.0
puerto_rico,dem-base,0,racist,10.0
puerto_rico,dem-base,0,enough,9.0
puerto_rico,dem-base,0,say,9.0
puerto_rico,dem-base,0,via,5.125
puerto_rico,dem-base,0,#voteblue,3.833333333333333
puerto_rico,dem-base,0,puerto,3.0
puerto_rico,dem-base,0,#resistance,3.0
puerto_rico,dem-base,0,really,2.5
puerto_rico,dem-base,0,#maga,2.5
puerto_rico,dem-base,1,hurricane,7.0
puerto_rico,dem-base,1,#bluewave2018,6.0
puerto_rico,dem-base,1,spend,2.0
puerto_rico,dem-base,1,delegate,2.0
puerto_rico,dem-base,1,well,1.0
puerto_rico,dem-base,1,refuse,1.0
puerto_rico,dem-base,1,#muellertime,1.0
puerto_rico,dem-base,1,#mprraccoon,1.0
puerto_rico,dem-base,1,live,1.0
puerto_rico,dem-base,1,accountable,1.0
puerto_rico,rep-lead,0,help,5.666666666666666
puerto_rico,rep-lead,0,tragic,4.0
puerto_rico,rep-lead,0,way,3.0
puerto_rico,rep-lead,0,proud,2.5
puerto_rico,rep-lead,0,friend,2.0
puerto_rico,rep-lead,0,trump,2.0
puerto_rico,rep-lead,0,job,2.0
puerto_rico,rep-lead,0,happen,2.0
puerto_rico,rep-lead,0,effect,2.0
puerto_rico,rep-lead,0,carlos,1.0
puerto_rico,rep-lead,1,maría,2.0
puerto_rico,rep-lead,1,campaign,1.0
puerto_rico,rep-lead,1,leave,1.0
puerto_rico,rep-lead,1,carrier,1.0
puerto_rico,rep-lead,1,report,1.0
puerto_rico,rep-lead,1,nearly,1.0
puerto_rico,rep-lead,1,still,1.0
puerto_rico,rep-lead,1,daniel,1.0
puerto_rico,rep-lead,1,15,1.0
puerto_rico,rep-lead,1,aquí,1.0
puerto_rico,rep-base,0,money,6.0
puerto_rico,rep-base,0,school,5.0
puerto_rico,rep-base,0,23,3.0
puerto_rico,rep-base,0,ice,3.0
puerto_rico,rep-base,0,white,2.0
puerto_rico,rep-base,0,breitbart,2.0
puerto_rico,rep-base,0,nfl,2.0
puerto_rico,rep-base,0,inaction,2.0
puerto_rico,rep-base,0,#president,2.0
puerto_rico,rep-base,0,reason,2.0
puerto_rico,rep-base,1,911,3.0
puerto_rico,rep-base,1,mean,3.0
puerto_rico,rep-base,1,rico,2.6785714285714284
puerto_rico,rep-base,1,#puertoricodeathtoll,2.0
puerto_rico,rep-base,1,get,2.0
puerto_rico,rep-base,1,jump,2.0
puerto_rico,rep-base,1,like,2.0
puerto_rico,rep-base,1,heart,1.5
puerto_rico,rep-base,1,toll,1.1666666666666665
puerto_rico,rep-base,1,america,1.0
rural,dem-lead,0,state,37.0
rural,dem-lead,0,like,33.0
rural,dem-lead,0,congress,23.0
rural,dem-lead,0,family,20.25
rural,dem-lead,0,farm,19.166666666666664
rural,dem-lead,0,know,17.0
rural,dem-lead,0,rural,15.035714285714285
rural,dem-lead,0,crop,12.0
rural,dem-lead,0,read,11.0
rural,dem-lead,0,hold,10.0
rural,dem-lead,1,pass,18.0
rural,dem-lead,1,hold,9.0
rural,dem-lead,1,strengthen,9.0
rural,dem-lead,1,want,9.0
rural,dem-lead,1,meeting,8.0
rural,dem-lead,1,hoosier,8.0
rural,dem-lead,1,yesterday,6.0
rural,dem-lead,1,well,6.0
rural,dem-lead,1,steve,6.0
rural,dem-lead,1,read,4.0
rural,dem-base,0,farmer,5.0
rural,dem-base,0,need,1.0
rural,dem-base,0,hope,1.0
rural,dem-base,0,21st,1.0
rural,dem-base,0,olson,1.0
rural,dem-base,0,ahead,1.0
rural,dem-base,0,#obama,1.0
rural,dem-base,0,implode,0.5
rural,dem-base,0,say,0.3333333333333333
rural,dem-base,0,pls,0.3333333333333333
rural,dem-base,1,lead,1.0
rural,dem-base,1,role,1.0
rural,dem-base,1,environment,1.0
rural,dem-base,1,say,1.0
rural,dem-base,1,committee,0.5
rural,dem-base,1,session,0.3333333333333333
rural,dem-base,1,join,0.3333333333333333
rural,dem-base,1,chair,0.08333333333333333
rural,dem-base,1,useless,0.06666666666666667
rural,dem-base,1,leave,0.03571428571428571
rural,rep-lead,0,great,28.0
rural,rep-lead,0,america,15.0
rural,rep-lead,0,big,12.0
rural,rep-lead,0,trade,11.0
rural,rep-lead,0,economic,9.0
rural,rep-lead,0,#nationalagday,9.0
rural,rep-lead,0,im,6.333333333333333
rural,rep-lead,0,speak,6.0
rural,rep-lead,0,small,5.0
rural,rep-lead,0,investment,4.5
rural,rep-lead,1,agriculture,20.0
rural,rep-lead,1,crop,7.0
rural,rep-lead,1,effort,5.0
rural,rep-lead,1,include,4.5
rural,rep-lead,1,last,4.0
rural,rep-lead,1,receive,4.0
rural,rep-lead,1,#wotus,3.0
rural,rep-lead,1,great,2.1666666666666665
rural,rep-lead,1,help,2.0
rural,rep-lead,1,heartland,2.0
rural,rep-base,0,recipient,3.0
rural,rep-base,0,7pm,1.0
rural,rep-base,0,job,1.0
rural,rep-base,0,dozen,1.0
rural,rep-base,0,fund,1.0
rural,rep-base,0,whole,1.0
rural,rep-base,0,999,1.0
rural,rep-base,0,selfsufficiency,0.6666666666666666
rural,rep-base,0,food,0.3333333333333333
rural,rep-base,0,agreement,0.3333333333333333
rural,rep-base,1,#trader,1.0
rural,rep-base,1,break,1.0
rural,rep-base,1,farming,1.0
rural,rep-base,1,wire,1.0
rural,rep-base,1,consumer,0.3333333333333333
rural,rep-base,1,#trade,0.3333333333333333
rural,rep-base,1,snap,0.16666666666666666
rural,rep-base,1,#cbd,0.16666666666666666
rural,rep-base,1,hurt,0.06666666666666667
rural,rep-base,1,include,0.05555555555555555
russia,dem-lead,0,effort,24.0
russia,dem-lead,0,try,18.0
russia,dem-lead,0,american,13.0
russia,dem-lead,0,pardon,11.0
russia,dem-lead,0,special,10.464285714285714
russia,dem-lead,0,end,10.0
russia,dem-lead,0,foreign,8.0
russia,dem-lead,0,public,8.0
russia,dem-lead,0,meet,7.0
russia,dem-lead,0,go,6.0
russia,dem-lead,1,democracy,12.0
russia,dem-lead,1,step,11.0
russia,dem-lead,1,judiciary,9.0
russia,dem-lead,1,follow,7.0
russia,dem-lead,1,counsel,5.357142857142857
russia,dem-lead,1,try,5.0
russia,dem-lead,1,come,5.0
russia,dem-lead,1,special,4.806451612903226
russia,dem-lead,1,whitaker,4.5
russia,dem-lead,1,delay,4.0
russia,dem-base,0,hunt,74.66666666666666
russia,dem-base,0,#impeachtrump,34.0
russia,dem-base,0,democrat,25.0
russia,dem-base,0,need,15.0
russia,dem-base,0,give,8.0
russia,dem-base,0,happen,6.0
russia,dem-base,0,sure,6.0
russia,dem-base,0,socialist,6.0
russia,dem-base,0,come,5.666666666666666
russia,dem-base,0,people,5.333333333333333
russia,dem-base,1,vote,4.0
russia,dem-base,1,write,4.0
russia,dem-base,1,still,3.0
russia,dem-base,1,way,2.0
russia,dem-base,1,prevail,2.0
russia,dem-base,1,beyond,2.0
russia,dem-base,1,seem,2.0
russia,dem-base,1,bipartisan,2.0
russia,dem-base,1,stone,1.5
russia,dem-base,1,congress,1.0
russia,rep-lead,0,nothing,4.0
russia,rep-lead,0,name,3.0
russia,rep-lead,0,want,2.0
russia,rep-lead,0,know,2.0
russia,rep-lead,0,start,1.3333333333333333
russia,rep-lead,0,ityet,1.0
russia,rep-lead,0,million,1.0
russia,rep-lead,0,trey,1.0
russia,rep-lead,0,return,1.0
russia,rep-lead,0,charge,1.0
russia,rep-lead,1,robert,8.0
russia,rep-lead,1,fire,3.0
russia,rep-lead,1,make,2.0
russia,rep-lead,1,call,2.0
russia,rep-lead,1,policy,1.0
russia,rep-lead,1,service,1.0
russia,rep-lead,1,completion,1.0
russia,rep-lead,1,2016,0.5
russia,rep-lead,1,must,0.375
russia,rep-lead,1,right,0.3333333333333333
russia,rep-base,0,trump,183.0
russia,rep-base,0,hunt,29.25
russia,rep-base,0,time,15.75
russia,rep-base,0,warrant,13.0
russia,rep-base,0,talk,11.0
russia,rep-base,0,potus,11.0
russia,rep-base,0,base,10.0
russia,rep-base,0,mueller,9.481481481481481
russia,rep-base,0,congress,9.0
russia,rep-base,0,#america,9.0
russia,rep-base,1,investigate,17.0
russia,rep-base,1,go,7.666666666666666
russia,rep-base,1,#kag,7.0
russia,rep-base,1,part,4.0
russia,rep-base,1,identify,4.0
russia,rep-base,1,corruption,4.0
russia,rep-base,1,#fisaabuse,4.0
russia,rep-base,1,fact,4.0
russia,rep-base,1,shit,4.0
russia,rep-base,1,let,3.0
shutdown,dem-lead,0,president,69.0
shutdown,dem-lead,0,extend,12.0
shutdown,dem-lead,0,wont,10.0
shutdown,dem-lead,0,christmas,8.0
shutdown,dem-lead,0,want,7.333333333333333
shutdown,dem-lead,0,night,7.0
shutdown,dem-lead,0,government,6.0
shutdown,dem-lead,0,back,6.0
shutdown,dem-lead,0,take,5.333333333333333
shutdown,dem-lead,0,hurt,5.0
shutdown,dem-lead,1,family,8.0
shutdown,dem-lead,1,statement,8.0
shutdown,dem-lead,1,im,7.0
shutdown,dem-lead,1,2013,6.0
shutdown,dem-lead,1,congress,4.333333333333333
shutdown,dem-lead,1,way,2.6666666666666665
shutdown,dem-lead,1,never,2.0
shutdown,dem-lead,1,also,2.0
shutdown,dem-lead,1,mantle,2.0
shutdown,dem-lead,1,joe,1.6666666666666665
shutdown,dem-base,0,make,8.0
shutdown,dem-base,0,dont,6.333333333333333
shutdown,dem-base,0,doesnt,5.0
shutdown,dem-base,0,work,4.5
shutdown,dem-base,0,tell,3.0
shutdown,dem-base,0,#shutdown,2.5
shutdown,dem-base,0,promise,2.0
shutdown,dem-base,0,#nowall,1.6666666666666665
shutdown,dem-base,0,lgbt,1.4000000000000001
shutdown,dem-base,0,trump,1.357142857142857
shutdown,dem-base,1,congress,4.0
shutdown,dem-base,1,dems,4.0
shutdown,dem-base,1,#democrats,3.6666666666666665
shutdown,dem-base,1,hold,2.0
shutdown,dem-base,1,proof,2.0
shutdown,dem-base,1,work,1.5
shutdown,dem-base,1,try,1.0
shutdown,dem-base,1,border,1.0
shutdown,dem-base,1,business,1.0
shutdown,dem-base,1,illegal,1.0
shutdown,rep-lead,0,veteran,6.0
shutdown,rep-lead,0,one,4.0
shutdown,rep-lead,0,kaine,3.0
shutdown,rep-lead,0,shutdown,2.5357142857142856
shutdown,rep-lead,0,proud,2.0
shutdown,rep-lead,0,access,2.0
shutdown,rep-lead,0,week,1.5
shutdown,rep-lead,0,past,1.5
shutdown,rep-lead,0,instead,1.0
shutdown,rep-lead,0,citizen,1.0
shutdown,rep-lead,1,vote,6.333333333333333
shutdown,rep-lead,1,thats,2.0
shutdown,rep-lead,1,end,2.0
shutdown,rep-lead,1,#masen,1.5
shutdown,rep-lead,1,politician,1.0
shutdown,rep-lead,1,#breakingnews,1.0
shutdown,rep-lead,1,pressure,1.0
shutdown,rep-lead,1,safety,1.0
shutdown,rep-lead,1,discuss,1.0
shutdown,rep-lead,1,sure,1.0
shutdown,rep-base,0,shut,25.333333333333332
shutdown,rep-base,0,gop,6.0
shutdown,rep-base,0,#twitter,3.0
shutdown,rep-base,0,dems,2.6666666666666665
shutdown,rep-base,0,provide,2.0
shutdown,rep-base,0,meet,2.0
shutdown,rep-base,0,plan,2.0
shutdown,rep-base,0,veto,2.0
shutdown,rep-base,0,cant,1.5
shutdown,rep-base,0,didnt,1.5
shutdown,rep-base,1,know,4.0
shutdown,rep-base,1,agree,1.0
shutdown,rep-base,1,thanks,1.0
shutdown,rep-base,1,way,1.0
shutdown,rep-base,1,head,1.0
shutdown,rep-base,1,period,1.0
shutdown,rep-base,1,year,1.0
shutdown,rep-base,1,reuters,1.0
shutdown,rep-base,1,temporary,1.0
shutdown,rep-base,1,blame,0.5
social_security,dem-lead,0,senior,264.0
social_security,dem-lead,0,program,170.0
social_security,dem-lead,0,need,144.0
social_security,dem-lead,0,benefit,82.33333333333333
social_security,dem-lead,0,million,55.0
social_security,dem-lead,0,thats,50.0
social_security,dem-lead,0,good,45.0
social_security,dem-lead,0,president,32.0
social_security,dem-lead,0,leader,25.0
social_security,dem-lead,0,issue,23.666666666666664
social_security,dem-lead,1,trillion,36.0
social_security,dem-lead,1,health,29.0
social_security,dem-lead,1,rich,15.0
social_security,dem-lead,1,strong,12.0
social_security,dem-lead,1,ensure,8.666666666666666
social_security,dem-lead,1,sign,8.0
social_security,dem-lead,1,social,7.533333333333333
social_security,dem-lead,1,economy,7.0
social_security,dem-lead,1,steal,6.0
social_security,dem-lead,1,citizen,5.0
social_security,dem-base,0,agreement,32.0
social_security,dem-base,0,drilling,32.0
social_security,dem-base,0,american,24.0
social_security,dem-base,0,get,20.666666666666664
social_security,dem-base,0,take,19.75
social_security,dem-base,0,paris,16.0
social_security,dem-base,0,fight,16.0
social_security,dem-base,0,please,11.0
social_security,dem-base,0,see,11.0
social_security,dem-base,0,wake,11.0
social_security,dem-base,1,medicare,55.0
social_security,dem-base,1,also,4.0
social_security,dem-base,1,thats,3.0
social_security,dem-base,1,corporation,3.0
social_security,dem-base,1,simple,2.0
social_security,dem-base,1,america,2.0
social_security,dem-base,1,way,2.0
social_security,dem-base,1,air,1.3333333333333333
social_security,dem-base,1,hand,1.0
social_security,dem-base,1,see,1.0
social_security,rep-lead,0,work,7.0
social_security,rep-lead,0,need,5.666666666666666
social_security,rep-lead,0,resident,4.0
social_security,rep-lead,0,allow,4.0
social_security,rep-lead,0,due,4.0
social_security,rep-lead,0,cut,3.875
social_security,rep-lead,0,pac,3.0
social_security,rep-lead,0,contact,3.0
social_security,rep-lead,0,cost,3.0
social_security,rep-lead,0,trustee,3.0
social_security,rep-lead,1,washington,3.0
social_security,rep-lead,1,promise,3.0
social_security,rep-lead,1,social,2.714285714285714
social_security,rep-lead,1,remain,2.0
social_security,rep-lead,1,hard,1.5
social_security,rep-lead,1,top,1.0
social_security,rep-lead,1,resource,1.0
social_security,rep-lead,1,90,1.0
social_security,rep-lead,1,already,1.0
social_security,rep-lead,1,america,1.0
social_security,rep-base,0,#trump,10.333333333333332
social_security,rep-base,0,promise,9.0
social_security,rep-base,0,would,8.0
social_security,rep-base,0,house,5.0
social_security,rep-base,0,number,4.0
social_security,rep-base,0,save,4.0
social_security,rep-base,0,poor,4.0
social_security,rep-base,0,plan,3.5
social_security,rep-base,0,hey,3.0
social_security,rep-base,0,refugee,3.0
social_security,rep-base,1,tax,18.0
social_security,rep-base,1,social,3.0
social_security,rep-base,1,use,3.0
social_security,rep-base,1,supporter,3.0
social_security,rep-base,1,con,2.0
social_security,rep-base,1,order,2.0
social_security,rep-base,1,theyre,2.0
social_security,rep-base,1,weve,1.0
social_security,rep-base,1,wage,1.0
social_security,rep-base,1,#trumptrash,1.0
taxes,dem-lead,0,year,286.0
taxes,dem-lead,0,time,254.0
taxes,dem-lead,0,middleclass,189.0
taxes,dem-lead,0,fight,167.0
taxes,dem-lead,0,benefit,157.0
taxes,dem-lead,0,country,99.0
taxes,dem-lead,0,cut,72.90322580645162
taxes,dem-lead,0,actually,71.0
taxes,dem-lead,0,republican,68.54545454545455
taxes,dem-lead,0,republicans,64.0
taxes,dem-lead,1,raise,168.0
taxes,dem-lead,1,deficit,49.0
taxes,dem-lead,1,high,45.0
taxes,dem-lead,1,senate,37.0
taxes,dem-lead,1,already,34.0
taxes,dem-lead,1,local,26.0
taxes,dem-lead,1,way,21.333333333333332
taxes,dem-lead,1,#taxscam,21.0
taxes,dem-lead,1,pay,20.0
taxes,dem-lead,1,majority,20.0
taxes,dem-base,0,sign,127.0
taxes,dem-base,0,american,84.0
taxes,dem-base,0,trump,70.25
taxes,dem-base,0,#resistance,67.0
taxes,dem-base,0,plan,41.0
taxes,dem-base,0,street,33.0
taxes,dem-base,0,want,31.0
taxes,dem-base,0,release,23.57142857142857
taxes,dem-base,0,reform,23.5
taxes,dem-base,0,business,23.0
taxes,dem-base,1,#maga,20.0
taxes,dem-base,1,billionaire,18.0
taxes,dem-base,1,see,11.0
taxes,dem-base,1,america,8.0
taxes,dem-base,1,break,7.666666666666666
taxes,dem-base,1,rich,6.375
taxes,dem-base,1,republicans,6.0
taxes,dem-base,1,republican,6.0
taxes,dem-base,1,#resist,5.533333333333333
taxes,dem-base,1,know,5.0
taxes,rep-lead,0,job,216.66666666666666
taxes,rep-lead,0,grow,129.0
taxes,rep-lead,0,paycheck,104.0
taxes,rep-lead,0,fight,102.0
taxes,rep-lead,0,president,92.5
taxes,rep-lead,0,care,67.0
taxes,rep-lead,0,vote,62.33333333333333
taxes,rep-lead,0,level,51.0
taxes,rep-lead,0,also,44.0
taxes,rep-lead,0,agree,37.0
taxes,rep-lead,1,low,156.0
taxes,rep-lead,1,need,70.0
taxes,rep-lead,1,congress,53.0
taxes,rep-lead,1,create,35.5
taxes,rep-lead,1,american,30.5
taxes,rep-lead,1,life,27.0
taxes,rep-lead,1,continue,26.0
taxes,rep-lead,1,spend,25.0
taxes,rep-lead,1,pay,24.0
taxes,rep-lead,1,listen,20.0
taxes,rep-base,0,america,90.0
taxes,rep-base,0,#maga,58.416666666666664
taxes,rep-base,0,didnt,35.0
taxes,rep-base,0,right,35.0
taxes,rep-base,0,receive,32.0
taxes,rep-base,0,#trumptrain,31.0
taxes,rep-base,0,need,30.0
taxes,rep-base,0,rate,24.0
taxes,rep-base,0,american,23.833333333333332
taxes,rep-base,0,socialist,23.0
taxes,rep-base,1,rich,42.0
taxes,rep-base,1,give,27.5
taxes,rep-base,1,job,19.333333333333332
taxes,rep-base,1,way,15.0
taxes,rep-base,1,deal,13.0
taxes,rep-base,1,stupid,11.0
taxes,rep-base,1,promise,11.0
taxes,rep-base,1,future,10.0
taxes,rep-base,1,white,8.0
taxes,rep-base,1,sorry,8.0
technology,dem-lead,0,free,87.66666666666666
technology,dem-lead,0,company,30.0
technology,dem-lead,0,house,27.666666666666664
technology,dem-lead,0,mean,14.0
technology,dem-lead,0,internet,13.903225806451612
technology,dem-lead,0,agree,10.0
technology,dem-lead,0,policy,10.0
technology,dem-lead,0,tax,10.0
technology,dem-lead,0,big,9.0
technology,dem-lead,0,use,9.0
technology,dem-lead,1,state,7.0
technology,dem-lead,1,future,6.0
technology,dem-lead,1,create,5.0
technology,dem-lead,1,reinstate,4.0
technology,dem-lead,1,far,4.0
technology,dem-lead,1,remain,4.0
technology,dem-lead,1,law,4.0
technology,dem-lead,1,keep,3.6666666666666665
technology,dem-lead,1,restore,3.090909090909091
technology,dem-lead,1,attack,2.0
technology,dem-base,0,#voteblue,15.0
technology,dem-base,0,march,4.235294117647059
technology,dem-base,0,deal,2.6666666666666665
technology,dem-base,0,tell,2.0
technology,dem-base,0,via,1.0
technology,dem-base,0,916,1.0
technology,dem-base,0,#fcc,1.0
technology,dem-base,0,dystopian,1.0
technology,dem-base,0,minor,1.0
technology,dem-base,0,po,1.0
technology,dem-base,1,vote,5.0
technology,dem-base,1,#votethemout,2.0
technology,dem-base,1,money,1.0
technology,dem-base,1,way,1.0
technology,dem-base,1,michael,1.0
technology,dem-base,1,#votingmatters,0.3333333333333333
technology,dem-base,1,push,0.3333333333333333
technology,dem-base,1,day,0.25
technology,dem-base,1,reason,0.16666666666666666
technology,dem-base,1,need,0.08333333333333333
technology,rep-lead,0,today,8.0
technology,rep-lead,0,consumer,4.0
technology,rep-lead,0,also,2.0
technology,rep-lead,0,student,2.0
technology,rep-lead,0,repeal,1.8333333333333333
technology,rep-lead,0,great,1.5
technology,rep-lead,0,regulation,1.0
technology,rep-lead,0,#politics,1.0
technology,rep-lead,0,#cra,1.0
technology,rep-lead,0,disagree,1.0
technology,rep-lead,1,neutrality,1.8333333333333333
technology,rep-lead,1,reverberate,1.0
technology,rep-lead,1,#businessesfornetneutrality,1.0
technology,rep-lead,1,thrive,1.0
technology,rep-lead,1,justice,1.0
technology,rep-lead,1,new,1.0
technology,rep-lead,1,monopolistic,1.0
technology,rep-lead,1,urge,1.0
technology,rep-lead,1,net,0.9166666666666666
technology,rep-lead,1,business,0.6666666666666666
technology,rep-base,0,trump,3.0
technology,rep-base,0,another,3.0
technology,rep-base,0,billion,2.0
technology,rep-base,0,right,1.0
technology,rep-base,0,#citizensunited,1.0
technology,rep-base,0,crafty,1.0
technology,rep-base,0,#democratic,1.0
technology,rep-base,0,corporation,0.6666666666666666
technology,rep-base,0,lie,0.6666666666666666
technology,rep-base,0,may,0.5
technology,rep-base,1,#usa,2.0
technology,rep-base,1,vote,1.0
technology,rep-base,1,threaten,1.0
technology,rep-base,1,storm,1.0
technology,rep-base,1,andy,1.0
technology,rep-base,1,department,0.3333333333333333
technology,rep-base,1,dems,0.3333333333333333
technology,rep-base,1,law,0.16666666666666666
technology,rep-base,1,regitsky,0.125
technology,rep-base,1,neutrality,0.11864406779661017
women_rights,dem-lead,0,decision,122.0
women_rights,dem-lead,0,know,45.0
women_rights,dem-lead,0,abortion,42.0
women_rights,dem-lead,0,need,37.0
women_rights,dem-lead,0,gun,37.0
women_rights,dem-lead,0,woman,31.483870967741936
women_rights,dem-lead,0,run,30.0
women_rights,dem-lead,0,cut,24.0
women_rights,dem-lead,0,never,23.5
women_rights,dem-lead,0,like,23.0
women_rights,dem-lead,1,take,35.0
women_rights,dem-lead,1,life,22.166666666666664
women_rights,dem-lead,1,every,20.333333333333332
women_rights,dem-lead,1,look,13.0
women_rights,dem-lead,1,november,12.0
women_rights,dem-lead,1,decide,11.0
women_rights,dem-lead,1,yet,8.0
women_rights,dem-lead,1,yr,7.0
women_rights,dem-lead,1,senate,6.666666666666666
women_rights,dem-lead,1,#scotus,6.333333333333333
women_rights,dem-base,0,child,9.0
women_rights,dem-base,0,free,8.0
women_rights,dem-base,0,lie,7.0
women_rights,dem-base,0,love,6.0
women_rights,dem-base,0,put,5.333333333333333
women_rights,dem-base,0,another,4.5
women_rights,dem-base,0,pay,4.0
women_rights,dem-base,0,immigration,4.0
women_rights,dem-base,0,amendment,4.0
women_rights,dem-base,0,access,4.0
women_rights,dem-base,1,roe,19.0
women_rights,dem-base,1,life,17.0
women_rights,dem-base,1,rape,5.0
women_rights,dem-base,1,president,5.0
women_rights,dem-base,1,right,4.545454545454546
women_rights,dem-base,1,put,4.0
women_rights,dem-base,1,via,4.0
women_rights,dem-base,1,help,4.0
women_rights,dem-base,1,administration,3.0
women_rights,dem-base,1,wage,3.0
women_rights,rep-lead,0,service,35.0
women_rights,rep-lead,0,defund,34.0
women_rights,rep-lead,0,today,17.333333333333332
women_rights,rep-lead,0,get,12.0
women_rights,rep-lead,0,save,11.0
women_rights,rep-lead,0,law,5.800000000000001
women_rights,rep-lead,0,call,5.0
women_rights,rep-lead,0,investigate,5.0
women_rights,rep-lead,0,forever,5.0
women_rights,rep-lead,0,generation,5.0
women_rights,rep-lead,1,vote,42.0
women_rights,rep-lead,1,nation,19.0
women_rights,rep-lead,1,act,12.0
women_rights,rep-lead,1,19th,8.0
women_rights,rep-lead,1,another,5.0
women_rights,rep-lead,1,end,5.0
women_rights,rep-lead,1,#nationalpoliceweek,5.0
women_rights,rep-lead,1,since,3.5
women_rights,rep-lead,1,action,3.333333333333333
women_rights,rep-lead,1,grant,3.0
women_rights,rep-base,0,life,34.0
women_rights,rep-base,0,fund,20.0
women_rights,rep-base,0,arrest,13.0
women_rights,rep-base,0,please,10.0
women_rights,rep-base,0,would,8.0
women_rights,rep-base,0,#etsybuyer,8.0
women_rights,rep-base,0,#pussyhat,8.0
women_rights,rep-base,0,lose,6.0
women_rights,rep-base,0,bad,6.0
women_rights,rep-base,0,true,5.0
women_rights,rep-base,1,make,14.0
women_rights,rep-base,1,sexual,8.0
women_rights,rep-base,1,everyone,3.0
women_rights,rep-base,1,back,3.0
women_rights,rep-base,1,fix,3.0
women_rights,rep-base,1,via,2.0
women_rights,rep-base,1,conservative,2.0
women_rights,rep-base,1,disgust,1.5
women_rights,rep-base,1,parenthood,1.3928571428571428
women_rights,rep-base,1,instead,1.0
